{
  "meta": {
    "n_instances": 59,
    "n_docs": 241,
    "high_idf_df_threshold": 12,
    "curated_Ns": [
      3,
      5,
      8,
      12
    ],
    "taus": [
      0.1,
      0.15,
      0.2,
      0.25
    ],
    "tau_primary": 0.15,
    "token_heuristic": "ceil(chars/4)",
    "notes": "G grounded vs RESULT; recall selects vs DESCRIPTION (independent signals). coverage=fraction of needed facts delivered; precision=fraction of surfaced memories that are needed; tokens=est brief size."
  },
  "sensitivity_tau": {
    "tau=0.1": {
      "n_informative": 55,
      "n_zeroG": 4,
      "mean_nG": 12.127272727272727,
      "thin_cov_mean": 0.25779886164117494,
      "full_cov_mean": 1.0,
      "cur_cov_mean": {
        "3": 0.7259349406077955,
        "5": 0.8085513316242927,
        "8": 0.8860221878691171,
        "12": 0.9361313499661938
      },
      "cur_prec_mean": {
        "3": 0.41212121212121217,
        "5": 0.34909090909090906,
        "8": 0.28863636363636364,
        "12": 0.24848484848484848
      },
      "full_prec_mean": 0.06973731816159698,
      "thin_tok_mean": 359.45454545454544,
      "cur_tok_mean": {
        "3": 2576.3454545454547,
        "5": 3999.109090909091,
        "8": 6144.2,
        "12": 8960.345454545455
      },
      "full_tok_mean": 734429.6181818182,
      "full_tok_median": 625245
    },
    "tau=0.15": {
      "n_informative": 39,
      "n_zeroG": 20,
      "mean_nG": 5.076923076923077,
      "thin_cov_mean": 0.3038997065312854,
      "full_cov_mean": 1.0,
      "cur_cov_mean": {
        "3": 0.7464874793822163,
        "5": 0.7919296103506629,
        "8": 0.8667694878221193,
        "12": 0.9285039521881628
      },
      "cur_prec_mean": {
        "3": 0.3162393162393162,
        "5": 0.28205128205128216,
        "8": 0.21474358974358973,
        "12": 0.1688034188034188
      },
      "full_prec_mean": 0.028290435809955463,
      "thin_tok_mean": 365.56410256410254,
      "cur_tok_mean": {
        "3": 2533.6666666666665,
        "5": 3931.7179487179487,
        "8": 6018.897435897436,
        "12": 8743.410256410256
      },
      "full_tok_mean": 758938.7435897436,
      "full_tok_median": 791915,
      "facts_per_1k_tokens": {
        "thin": 3.193288227069978,
        "curated": {
          "3": 1.686852024655185,
          "5": 1.1445410792874993,
          "8": 0.7904755066786533,
          "12": 0.5750322481392467
        },
        "full": 0.00677724814068712
      }
    },
    "tau=0.2": {
      "n_informative": 26,
      "n_zeroG": 33,
      "mean_nG": 2.730769230769231,
      "thin_cov_mean": 0.2703296703296703,
      "full_cov_mean": 1.0,
      "cur_cov_mean": {
        "3": 0.8457875457875459,
        "5": 0.8705128205128205,
        "8": 0.8705128205128205,
        "12": 0.9346153846153846
      },
      "cur_prec_mean": {
        "3": 0.282051282051282,
        "5": 0.24615384615384617,
        "8": 0.18269230769230768,
        "12": 0.1378205128205128
      },
      "full_prec_mean": 0.014164579128053242,
      "thin_tok_mean": 405.11538461538464,
      "cur_tok_mean": {
        "3": 2429.0384615384614,
        "5": 3860.3076923076924,
        "8": 5946.5,
        "12": 8635.538461538461
      },
      "full_tok_mean": 803601.2692307692,
      "full_tok_median": 792385.5
    },
    "tau=0.25": {
      "n_informative": 12,
      "n_zeroG": 47,
      "mean_nG": 2.0,
      "thin_cov_mean": 0.2986111111111111,
      "full_cov_mean": 1.0,
      "cur_cov_mean": {
        "3": 0.8333333333333334,
        "5": 0.8333333333333334,
        "8": 0.8333333333333334,
        "12": 0.9166666666666666
      },
      "cur_prec_mean": {
        "3": 0.27777777777777773,
        "5": 0.2166666666666667,
        "8": 0.16666666666666666,
        "12": 0.12499999999999999
      },
      "full_prec_mean": 0.009465521770287248,
      "thin_tok_mean": 413.4166666666667,
      "cur_tok_mean": {
        "3": 2219.5,
        "5": 3609.6666666666665,
        "8": 5505.166666666667,
        "12": 8019.416666666667
      },
      "full_tok_mean": 884339.0833333334,
      "full_tok_median": 891701.0
    }
  },
  "primary": {
    "n_informative": 39,
    "n_zeroG": 20,
    "mean_nG": 5.076923076923077,
    "thin_cov_mean": 0.3038997065312854,
    "full_cov_mean": 1.0,
    "cur_cov_mean": {
      "3": 0.7464874793822163,
      "5": 0.7919296103506629,
      "8": 0.8667694878221193,
      "12": 0.9285039521881628
    },
    "cur_prec_mean": {
      "3": 0.3162393162393162,
      "5": 0.28205128205128216,
      "8": 0.21474358974358973,
      "12": 0.1688034188034188
    },
    "full_prec_mean": 0.028290435809955463,
    "thin_tok_mean": 365.56410256410254,
    "cur_tok_mean": {
      "3": 2533.6666666666665,
      "5": 3931.7179487179487,
      "8": 6018.897435897436,
      "12": 8743.410256410256
    },
    "full_tok_mean": 758938.7435897436,
    "full_tok_median": 791915,
    "facts_per_1k_tokens": {
      "thin": 3.193288227069978,
      "curated": {
        "3": 1.686852024655185,
        "5": 1.1445410792874993,
        "8": 0.7904755066786533,
        "12": 0.5750322481392467
      },
      "full": 0.00677724814068712
    }
  }
}